No,지역,지역,2025년 11월,2025년 11월,2025년 12월,2025년 12월,2026년 1월,2026년 1월,2026년 2월,2026년 2월,2026년 3월,2026년 3월,2026년 4월,2026년 4월,2026년 5월,2026년 5월,2026년 6월,2026년 6월,2026년 7월,2026년 7월,2026년 8월,2026년 8월
No,지역,지역,동(호)수,면적,동(호)수,면적,동(호)수,면적,동(호)수,면적,동(호)수,면적,동(호)수,면적,동(호)수,면적,동(호)수,면적,동(호)수,면적,동(호)수,면적
No,지역,지역,호수,천㎡,호수,천㎡,호수,천㎡,호수,천㎡,호수,천㎡,호수,천㎡,호수,천㎡,호수,천㎡,호수,천㎡,호수,천㎡
1,부산,부산,"""4,051""",315,"""3,937""",304,"""3,553""",268,"""3,195""",237,"""3,688""",279,"""3,222""",244,"""2,931""",223,"""3,107""",236,"""2,798""",215,"""2,288""",172
2,부산,중구,13,1,9,0,6,0,10,1,19,1,12,1,12,1,19,1,12,1,9,1
3,부산,서구,83,6,69,5,70,5,74,6,127,10,103,8,81,6,123,9,89,7,65,5
4,부산,동구,60,4,61,4,56,4,60,4,63,5,83,5,55,4,53,3,60,4,32,2
5,부산,영도구,67,5,61,4,81,5,68,5,88,7,58,4,74,5,52,4,59,4,38,3
6,부산,부산진구,480,35,543,39,490,34,359,26,455,32,427,30,392,28,371,26,372,27,289,21
7,부산,동래구,440,36,404,32,355,27,318,25,356,27,290,23,251,20,276,21,247,19,169,14
8,부산,남구,335,27,361,29,322,26,481,30,284,22,277,22,240,19,249,20,252,20,195,15
9,부산,북구,363,26,273,20,280,21,260,20,335,25,281,21,266,19,296,22,270,21,234,18
10,부산,해운대구,572,49,447,38,456,37,380,31,458,37,370,31,379,31,380,31,367,31,276,23
11,부산,사하구,228,17,314,24,270,20,233,17,315,23,274,20,219,16,240,18,188,14,222,14
12,부산,금정구,284,21,231,18,190,14,124,9,178,14,125,10,132,10,146,11,119,9,119,9
13,부산,강서구,215,17,229,18,156,12,155,12,168,13,190,15,202,15,207,16,139,11,124,10
14,부산,연제구,388,30,313,24,301,23,265,21,313,24,236,18,198,15,206,16,220,17,174,14
15,부산,수영구,208,17,263,22,203,16,174,14,187,14,191,14,173,13,185,15,151,12,118,9
16,부산,사상구,158,11,168,11,157,11,122,9,156,10,160,11,121,9,141,10,120,8,105,7
17,부산,기장군,157,13,191,15,160,13,112,9,186,14,145,11,136,11,163,12,133,10,119,9
