No,분류,분류,2025년 11월,2025년 12월,2026년 1월,2026년 2월,2026년 3월,2026년 4월,2026년 5월,2026년 6월,2026년 7월,2026년 8월
No,분류,분류,미분양현황,미분양현황,미분양현황,미분양현황,미분양현황,미분양현황,미분양현황,미분양현황,미분양현황,미분양현황
No,분류,분류,호,호,호,호,호,호,호,호,호,호
1,부산,계,"""7,727""","""7,541""","""7,584""","""7,236""","""7,224""","""8,654""","""8,292""","""8,071""","""8,379""","""7,594"""
2,부산,중구,0,0,0,0,0,0,0,0,,
3,부산,강서구,405,360,283,226,181,895,827,795,,
4,부산,서구,210,203,190,189,218,172,162,143,,
5,부산,금정구,286,278,265,291,499,518,499,478,128,115
6,부산,동구,653,642,583,581,569,564,557,553,,
7,부산,영도구,21,21,21,21,19,19,19,19,384,376
8,부산,기장군,151,136,127,121,114,105,233,221,,
9,부산,부산진구,"""2,053""","""1,781""","""1,747""","""1,540""","""1,452""","""1,369""","""1,375""","""1,327""",,
10,부산,남구,74,73,71,69,68,165,129,116,545,544
11,부산,동래구,393,740,"""1,123""","""1,088""",929,759,693,701,19,19
12,부산,북구,178,162,155,153,136,124,123,336,211,205
13,부산,해운대구,800,756,741,730,875,870,757,838,106,123
14,부산,사하구,643,611,578,570,550,710,704,700,,
15,부산,사상구,"""1,230""","""1,194""","""1,166""","""1,151""","""1,121""","""1,912""","""1,764""","""1,431""","""1,284""","""1,231"""
16,부산,연제구,198,194,193,193,192,191,190,190,280,263
17,부산,수영구,432,390,341,313,301,281,260,223,708,636
