No,지역,지역,지역,2025년 11월,2025년 11월,2025년 12월,2025년 12월,2026년 1월,2026년 1월,2026년 2월,2026년 2월,2026년 3월,2026년 3월,2026년 4월,2026년 4월,2026년 5월,2026년 5월,2026년 6월,2026년 6월,2026년 7월,2026년 7월,2026년 8월,2026년 8월
No,지역,지역,지역,지수,지수,지수,지수,지수,지수,지수,지수,지수,지수,지수,지수,지수,지수,지수,지수,지수,지수,지수,지수
No,지역,지역,지역,원자료,전기대비증감률,원자료,전기대비증감률,원자료,전기대비증감률,원자료,전기대비증감률,원자료,전기대비증감률,원자료,전기대비증감률,원자료,전기대비증감률,원자료,전기대비증감률,원자료,전기대비증감률,원자료,전기대비증감률
1,5대광역시,5대광역시,5대광역시,,,,,,,,,,,,,,,100.00,0.00,100.28,0.28,100.57,0.29
2,4대광역시,4대광역시,4대광역시,,,,,,,,,,,,,,,100.00,0.00,100.23,0.23,100.42,0.19
3,부산,부산,부산,97.29,0.40,97.68,0.41,98.11,0.44,98.55,0.44,99.05,0.51,99.40,0.35,99.73,0.33,100.00,0.27,100.28,0.28,100.50,0.22
4,부산,중부산권,중부산권,97.62,0.39,97.97,0.36,98.35,0.39,98.78,0.44,99.28,0.50,99.61,0.34,99.84,0.23,100.00,0.16,100.16,0.16,100.25,0.09
5,부산,중부산권,중구,99.61,0.09,99.66,0.05,99.75,0.09,99.79,0.04,99.82,0.03,99.93,0.11,99.97,0.04,100.00,0.03,100.02,0.02,99.94,-0.09
6,부산,중부산권,서구,97.87,0.24,98.16,0.30,98.57,0.42,98.87,0.31,99.16,0.29,99.48,0.33,99.75,0.27,100.00,0.25,100.11,0.11,100.24,0.13
7,부산,중부산권,동구,98.32,0.24,98.60,0.29,98.89,0.29,99.04,0.16,99.51,0.48,99.88,0.37,99.93,0.04,100.00,0.08,99.87,-0.13,99.70,-0.17
8,부산,중부산권,영도구,99.06,0.18,99.25,0.19,99.41,0.16,99.59,0.18,99.84,0.25,100.00,0.16,99.95,-0.05,100.00,0.05,100.12,0.12,100.41,0.29
9,부산,중부산권,부산진구,98.36,0.28,98.57,0.21,98.81,0.24,99.25,0.44,99.69,0.44,99.83,0.15,99.91,0.08,100.00,0.09,100.10,0.10,100.24,0.14
10,부산,중부산권,남구,97.94,0.60,98.28,0.34,98.62,0.35,98.95,0.34,99.34,0.39,99.67,0.33,99.82,0.15,100.00,0.18,100.35,0.35,100.31,-0.04
11,부산,중부산권,연제구,95.76,0.48,96.26,0.53,96.91,0.68,97.43,0.53,98.27,0.87,98.91,0.65,99.62,0.72,100.00,0.38,100.34,0.34,100.55,0.20
12,부산,중부산권,수영구,96.33,0.44,97.02,0.71,97.63,0.63,98.45,0.85,99.10,0.65,99.63,0.54,99.90,0.28,100.00,0.10,99.93,-0.07,99.89,-0.04
13,부산,동부산권,동부산권,95.94,0.58,96.53,0.61,97.18,0.67,97.81,0.65,98.49,0.69,99.00,0.52,99.50,0.51,100.00,0.50,100.51,0.51,100.90,0.38
14,부산,동부산권,해운대구,95.33,0.83,96.03,0.74,96.72,0.71,97.37,0.68,98.17,0.82,98.77,0.62,99.43,0.67,100.00,0.57,100.74,0.74,101.40,0.66
15,부산,동부산권,금정구,96.60,0.16,96.97,0.38,97.62,0.67,98.25,0.65,98.90,0.65,99.32,0.43,99.65,0.33,100.00,0.35,100.13,0.13,100.17,0.04
16,부산,동부산권,동래구,94.86,0.73,95.70,0.89,96.57,0.90,97.45,0.92,98.26,0.83,98.87,0.62,99.34,0.48,100.00,0.66,100.55,0.55,100.83,0.28
17,부산,동부산권,기장군,98.69,0.13,98.75,0.07,98.94,0.19,99.09,0.15,99.26,0.17,99.45,0.19,99.78,0.34,100.00,0.22,100.28,0.28,100.48,0.20
18,부산,서부산권,서부산권,98.35,0.22,98.58,0.24,98.81,0.24,99.03,0.22,99.36,0.33,99.54,0.18,99.83,0.29,100.00,0.17,100.18,0.18,100.41,0.24
19,부산,서부산권,북구,97.29,0.44,97.76,0.48,98.12,0.37,98.40,0.29,98.91,0.52,99.18,0.27,99.66,0.48,100.00,0.35,100.30,0.30,100.70,0.40
20,부산,서부산권,강서구,98.92,-0.15,98.89,-0.03,98.92,0.03,99.04,0.12,99.29,0.25,99.53,0.24,99.79,0.27,100.00,0.21,100.13,0.13,100.43,0.30
21,부산,서부산권,사상구,99.36,0.10,99.40,0.04,99.57,0.17,99.66,0.09,99.77,0.10,99.79,0.03,99.93,0.14,100.00,0.07,100.13,0.13,100.27,0.13
22,부산,서부산권,사하구,98.50,0.22,98.72,0.22,98.95,0.23,99.23,0.28,99.55,0.32,99.73,0.18,99.93,0.20,100.00,0.07,100.10,0.10,100.22,0.13
